customer_id,customer_name,customer_segment,location_id,created_date,is_active,scenario_id,dataset_build_id,is_synthetic
CUS-SYN-001,Cliente Sintético 001,enterprise,LOC-SYN-CUS-001,2024-05-01,True,B2B-V1-BASE,BLD-9102B6E8BF1ABFFC5F32,True
CUS-SYN-002,Cliente Sintético 002,enterprise,LOC-SYN-CUS-002,2024-12-16,True,B2B-V1-BASE,BLD-9102B6E8BF1ABFFC5F32,True
CUS-SYN-003,Cliente Sintético 003,mid_market,LOC-SYN-CUS-003,2023-05-15,True,B2B-V1-BASE,BLD-9102B6E8BF1ABFFC5F32,True
CUS-SYN-004,Cliente Sintético 004,mid_market,LOC-SYN-CUS-004,2023-09-04,True,B2B-V1-BASE,BLD-9102B6E8BF1ABFFC5F32,True
CUS-SYN-005,Cliente Sintético 005,enterprise,LOC-SYN-CUS-005,2024-09-10,True,B2B-V1-BASE,BLD-9102B6E8BF1ABFFC5F32,True
CUS-SYN-006,Cliente Sintético 006,enterprise,LOC-SYN-CUS-006,2024-05-06,True,B2B-V1-BASE,BLD-9102B6E8BF1ABFFC5F32,True
CUS-SYN-007,Cliente Sintético 007,mid_market,LOC-SYN-CUS-007,2024-07-08,True,B2B-V1-BASE,BLD-9102B6E8BF1ABFFC5F32,True
CUS-SYN-008,Cliente Sintético 008,mid_market,LOC-SYN-CUS-008,2023-01-11,True,B2B-V1-BASE,BLD-9102B6E8BF1ABFFC5F32,True
CUS-SYN-009,Cliente Sintético 009,enterprise,LOC-SYN-CUS-009,2023-05-12,True,B2B-V1-BASE,BLD-9102B6E8BF1ABFFC5F32,True
CUS-SYN-010,Cliente Sintético 010,enterprise,LOC-SYN-CUS-010,2023-11-21,True,B2B-V1-BASE,BLD-9102B6E8BF1ABFFC5F32,True
CUS-SYN-011,Cliente Sintético 011,mid_market,LOC-SYN-CUS-011,2024-12-30,True,B2B-V1-BASE,BLD-9102B6E8BF1ABFFC5F32,True
CUS-SYN-012,Cliente Sintético 012,mid_market,LOC-SYN-CUS-012,2023-04-11,True,B2B-V1-BASE,BLD-9102B6E8BF1ABFFC5F32,True
CUS-SYN-013,Cliente Sintético 013,enterprise,LOC-SYN-CUS-013,2023-12-24,True,B2B-V1-BASE,BLD-9102B6E8BF1ABFFC5F32,True
CUS-SYN-014,Cliente Sintético 014,enterprise,LOC-SYN-CUS-014,2023-04-29,True,B2B-V1-BASE,BLD-9102B6E8BF1ABFFC5F32,True
CUS-SYN-015,Cliente Sintético 015,mid_market,LOC-SYN-CUS-015,2024-03-10,True,B2B-V1-BASE,BLD-9102B6E8BF1ABFFC5F32,True
CUS-SYN-016,Cliente Sintético 016,mid_market,LOC-SYN-CUS-016,2023-11-12,True,B2B-V1-BASE,BLD-9102B6E8BF1ABFFC5F32,True
CUS-SYN-017,Cliente Sintético 017,enterprise,LOC-SYN-CUS-017,2025-04-23,True,B2B-V1-BASE,BLD-9102B6E8BF1ABFFC5F32,True
CUS-SYN-018,Cliente Sintético 018,enterprise,LOC-SYN-CUS-018,2025-04-18,True,B2B-V1-BASE,BLD-9102B6E8BF1ABFFC5F32,True
CUS-SYN-019,Cliente Sintético 019,mid_market,LOC-SYN-CUS-019,2023-03-26,True,B2B-V1-BASE,BLD-9102B6E8BF1ABFFC5F32,True
CUS-SYN-020,Cliente Sintético 020,mid_market,LOC-SYN-CUS-020,2024-07-04,True,B2B-V1-BASE,BLD-9102B6E8BF1ABFFC5F32,True
CUS-SYN-021,Cliente Sintético 021,enterprise,LOC-SYN-CUS-021,2025-05-06,True,B2B-V1-BASE,BLD-9102B6E8BF1ABFFC5F32,True
CUS-SYN-022,Cliente Sintético 022,enterprise,LOC-SYN-CUS-022,2025-02-22,True,B2B-V1-BASE,BLD-9102B6E8BF1ABFFC5F32,True
CUS-SYN-023,Cliente Sintético 023,mid_market,LOC-SYN-CUS-023,2025-01-01,True,B2B-V1-BASE,BLD-9102B6E8BF1ABFFC5F32,True
CUS-SYN-024,Cliente Sintético 024,mid_market,LOC-SYN-CUS-024,2023-12-05,True,B2B-V1-BASE,BLD-9102B6E8BF1ABFFC5F32,True
CUS-SYN-025,Cliente Sintético 025,enterprise,LOC-SYN-CUS-025,2023-05-02,True,B2B-V1-BASE,BLD-9102B6E8BF1ABFFC5F32,True
CUS-SYN-026,Cliente Sintético 026,enterprise,LOC-SYN-CUS-026,2024-06-08,True,B2B-V1-BASE,BLD-9102B6E8BF1ABFFC5F32,True
CUS-SYN-027,Cliente Sintético 027,mid_market,LOC-SYN-CUS-027,2024-03-08,True,B2B-V1-BASE,BLD-9102B6E8BF1ABFFC5F32,True
CUS-SYN-028,Cliente Sintético 028,mid_market,LOC-SYN-CUS-028,2023-09-13,True,B2B-V1-BASE,BLD-9102B6E8BF1ABFFC5F32,True
CUS-SYN-029,Cliente Sintético 029,enterprise,LOC-SYN-CUS-029,2023-04-23,True,B2B-V1-BASE,BLD-9102B6E8BF1ABFFC5F32,True
CUS-SYN-030,Cliente Sintético 030,enterprise,LOC-SYN-CUS-030,2025-01-27,True,B2B-V1-BASE,BLD-9102B6E8BF1ABFFC5F32,True
CUS-SYN-031,Cliente Sintético 031,mid_market,LOC-SYN-CUS-031,2024-05-24,True,B2B-V1-BASE,BLD-9102B6E8BF1ABFFC5F32,True
CUS-SYN-032,Cliente Sintético 032,mid_market,LOC-SYN-CUS-032,2024-04-14,True,B2B-V1-BASE,BLD-9102B6E8BF1ABFFC5F32,True
CUS-SYN-033,Cliente Sintético 033,enterprise,LOC-SYN-CUS-033,2024-04-05,True,B2B-V1-BASE,BLD-9102B6E8BF1ABFFC5F32,True
CUS-SYN-034,Cliente Sintético 034,enterprise,LOC-SYN-CUS-034,2024-09-29,True,B2B-V1-BASE,BLD-9102B6E8BF1ABFFC5F32,True
CUS-SYN-035,Cliente Sintético 035,mid_market,LOC-SYN-CUS-035,2023-04-06,True,B2B-V1-BASE,BLD-9102B6E8BF1ABFFC5F32,True
CUS-SYN-036,Cliente Sintético 036,mid_market,LOC-SYN-CUS-036,2023-06-06,True,B2B-V1-BASE,BLD-9102B6E8BF1ABFFC5F32,True
CUS-SYN-037,Cliente Sintético 037,enterprise,LOC-SYN-CUS-037,2023-12-04,True,B2B-V1-BASE,BLD-9102B6E8BF1ABFFC5F32,True
CUS-SYN-038,Cliente Sintético 038,enterprise,LOC-SYN-CUS-038,2025-04-06,True,B2B-V1-BASE,BLD-9102B6E8BF1ABFFC5F32,True
CUS-SYN-039,Cliente Sintético 039,mid_market,LOC-SYN-CUS-039,2023-05-08,True,B2B-V1-BASE,BLD-9102B6E8BF1ABFFC5F32,True
CUS-SYN-040,Cliente Sintético 040,mid_market,LOC-SYN-CUS-040,2024-04-13,True,B2B-V1-BASE,BLD-9102B6E8BF1ABFFC5F32,True
CUS-SYN-041,Cliente Sintético 041,enterprise,LOC-SYN-CUS-041,2023-05-13,True,B2B-V1-BASE,BLD-9102B6E8BF1ABFFC5F32,True
CUS-SYN-042,Cliente Sintético 042,enterprise,LOC-SYN-CUS-042,2023-11-12,True,B2B-V1-BASE,BLD-9102B6E8BF1ABFFC5F32,True
CUS-SYN-043,Cliente Sintético 043,mid_market,LOC-SYN-CUS-043,2025-05-08,True,B2B-V1-BASE,BLD-9102B6E8BF1ABFFC5F32,True
CUS-SYN-044,Cliente Sintético 044,mid_market,LOC-SYN-CUS-044,2024-04-13,True,B2B-V1-BASE,BLD-9102B6E8BF1ABFFC5F32,True
CUS-SYN-045,Cliente Sintético 045,enterprise,LOC-SYN-CUS-045,2023-04-22,True,B2B-V1-BASE,BLD-9102B6E8BF1ABFFC5F32,True
CUS-SYN-046,Cliente Sintético 046,enterprise,LOC-SYN-CUS-046,2025-03-10,True,B2B-V1-BASE,BLD-9102B6E8BF1ABFFC5F32,True
CUS-SYN-047,Cliente Sintético 047,mid_market,LOC-SYN-CUS-047,2023-10-01,True,B2B-V1-BASE,BLD-9102B6E8BF1ABFFC5F32,True
CUS-SYN-048,Cliente Sintético 048,mid_market,LOC-SYN-CUS-048,2023-05-22,True,B2B-V1-BASE,BLD-9102B6E8BF1ABFFC5F32,True
CUS-SYN-049,Cliente Sintético 049,enterprise,LOC-SYN-CUS-049,2025-02-17,True,B2B-V1-BASE,BLD-9102B6E8BF1ABFFC5F32,True
CUS-SYN-050,Cliente Sintético 050,enterprise,LOC-SYN-CUS-050,2024-10-16,True,B2B-V1-BASE,BLD-9102B6E8BF1ABFFC5F32,True
CUS-SYN-051,Cliente Sintético 051,mid_market,LOC-SYN-CUS-051,2024-06-25,True,B2B-V1-BASE,BLD-9102B6E8BF1ABFFC5F32,True
CUS-SYN-052,Cliente Sintético 052,mid_market,LOC-SYN-CUS-052,2023-05-18,True,B2B-V1-BASE,BLD-9102B6E8BF1ABFFC5F32,True
CUS-SYN-053,Cliente Sintético 053,enterprise,LOC-SYN-CUS-053,2023-09-22,True,B2B-V1-BASE,BLD-9102B6E8BF1ABFFC5F32,True
CUS-SYN-054,Cliente Sintético 054,enterprise,LOC-SYN-CUS-054,2023-12-24,True,B2B-V1-BASE,BLD-9102B6E8BF1ABFFC5F32,True
CUS-SYN-055,Cliente Sintético 055,mid_market,LOC-SYN-CUS-055,2025-06-16,True,B2B-V1-BASE,BLD-9102B6E8BF1ABFFC5F32,True
CUS-SYN-056,Cliente Sintético 056,mid_market,LOC-SYN-CUS-056,2024-06-24,True,B2B-V1-BASE,BLD-9102B6E8BF1ABFFC5F32,True
CUS-SYN-057,Cliente Sintético 057,enterprise,LOC-SYN-CUS-057,2023-01-12,True,B2B-V1-BASE,BLD-9102B6E8BF1ABFFC5F32,True
CUS-SYN-058,Cliente Sintético 058,enterprise,LOC-SYN-CUS-058,2024-05-08,True,B2B-V1-BASE,BLD-9102B6E8BF1ABFFC5F32,True
CUS-SYN-059,Cliente Sintético 059,mid_market,LOC-SYN-CUS-059,2023-01-09,True,B2B-V1-BASE,BLD-9102B6E8BF1ABFFC5F32,True
CUS-SYN-060,Cliente Sintético 060,mid_market,LOC-SYN-CUS-060,2023-06-20,True,B2B-V1-BASE,BLD-9102B6E8BF1ABFFC5F32,True
CUS-SYN-061,Cliente Sintético 061,enterprise,LOC-SYN-CUS-061,2024-02-11,True,B2B-V1-BASE,BLD-9102B6E8BF1ABFFC5F32,True
CUS-SYN-062,Cliente Sintético 062,enterprise,LOC-SYN-CUS-062,2023-10-07,True,B2B-V1-BASE,BLD-9102B6E8BF1ABFFC5F32,True
CUS-SYN-063,Cliente Sintético 063,mid_market,LOC-SYN-CUS-063,2025-03-10,True,B2B-V1-BASE,BLD-9102B6E8BF1ABFFC5F32,True
CUS-SYN-064,Cliente Sintético 064,mid_market,LOC-SYN-CUS-064,2024-08-27,True,B2B-V1-BASE,BLD-9102B6E8BF1ABFFC5F32,True
CUS-SYN-065,Cliente Sintético 065,enterprise,LOC-SYN-CUS-065,2023-04-15,True,B2B-V1-BASE,BLD-9102B6E8BF1ABFFC5F32,True
CUS-SYN-066,Cliente Sintético 066,enterprise,LOC-SYN-CUS-066,2023-12-31,True,B2B-V1-BASE,BLD-9102B6E8BF1ABFFC5F32,True
CUS-SYN-067,Cliente Sintético 067,mid_market,LOC-SYN-CUS-067,2024-04-10,True,B2B-V1-BASE,BLD-9102B6E8BF1ABFFC5F32,True
CUS-SYN-068,Cliente Sintético 068,mid_market,LOC-SYN-CUS-068,2024-04-24,True,B2B-V1-BASE,BLD-9102B6E8BF1ABFFC5F32,True
CUS-SYN-069,Cliente Sintético 069,enterprise,LOC-SYN-CUS-069,2024-01-26,True,B2B-V1-BASE,BLD-9102B6E8BF1ABFFC5F32,True
CUS-SYN-070,Cliente Sintético 070,enterprise,LOC-SYN-CUS-070,2025-04-18,True,B2B-V1-BASE,BLD-9102B6E8BF1ABFFC5F32,True
CUS-SYN-071,Cliente Sintético 071,mid_market,LOC-SYN-CUS-071,2025-03-29,True,B2B-V1-BASE,BLD-9102B6E8BF1ABFFC5F32,True
CUS-SYN-072,Cliente Sintético 072,mid_market,LOC-SYN-CUS-072,2025-04-14,True,B2B-V1-BASE,BLD-9102B6E8BF1ABFFC5F32,True
CUS-SYN-073,Cliente Sintético 073,enterprise,LOC-SYN-CUS-073,2023-03-13,True,B2B-V1-BASE,BLD-9102B6E8BF1ABFFC5F32,True
CUS-SYN-074,Cliente Sintético 074,enterprise,LOC-SYN-CUS-074,2024-05-27,True,B2B-V1-BASE,BLD-9102B6E8BF1ABFFC5F32,True
CUS-SYN-075,Cliente Sintético 075,mid_market,LOC-SYN-CUS-075,2023-04-15,True,B2B-V1-BASE,BLD-9102B6E8BF1ABFFC5F32,True
CUS-SYN-076,Cliente Sintético 076,mid_market,LOC-SYN-CUS-076,2024-01-27,True,B2B-V1-BASE,BLD-9102B6E8BF1ABFFC5F32,True
CUS-SYN-077,Cliente Sintético 077,enterprise,LOC-SYN-CUS-077,2023-12-21,True,B2B-V1-BASE,BLD-9102B6E8BF1ABFFC5F32,True
CUS-SYN-078,Cliente Sintético 078,enterprise,LOC-SYN-CUS-078,2023-02-10,True,B2B-V1-BASE,BLD-9102B6E8BF1ABFFC5F32,True
CUS-SYN-079,Cliente Sintético 079,mid_market,LOC-SYN-CUS-079,2023-09-13,True,B2B-V1-BASE,BLD-9102B6E8BF1ABFFC5F32,True
CUS-SYN-080,Cliente Sintético 080,mid_market,LOC-SYN-CUS-080,2025-02-18,True,B2B-V1-BASE,BLD-9102B6E8BF1ABFFC5F32,True
CUS-SYN-081,Cliente Sintético 081,enterprise,LOC-SYN-CUS-081,2022-12-30,True,B2B-V1-BASE,BLD-9102B6E8BF1ABFFC5F32,True
CUS-SYN-082,Cliente Sintético 082,enterprise,LOC-SYN-CUS-082,2023-06-17,True,B2B-V1-BASE,BLD-9102B6E8BF1ABFFC5F32,True
CUS-SYN-083,Cliente Sintético 083,mid_market,LOC-SYN-CUS-083,2024-11-14,True,B2B-V1-BASE,BLD-9102B6E8BF1ABFFC5F32,True
CUS-SYN-084,Cliente Sintético 084,mid_market,LOC-SYN-CUS-084,2024-04-12,True,B2B-V1-BASE,BLD-9102B6E8BF1ABFFC5F32,True
CUS-SYN-085,Cliente Sintético 085,enterprise,LOC-SYN-CUS-085,2023-03-29,True,B2B-V1-BASE,BLD-9102B6E8BF1ABFFC5F32,True
CUS-SYN-086,Cliente Sintético 086,enterprise,LOC-SYN-CUS-086,2023-06-30,True,B2B-V1-BASE,BLD-9102B6E8BF1ABFFC5F32,True
CUS-SYN-087,Cliente Sintético 087,mid_market,LOC-SYN-CUS-087,2024-08-29,True,B2B-V1-BASE,BLD-9102B6E8BF1ABFFC5F32,True
CUS-SYN-088,Cliente Sintético 088,mid_market,LOC-SYN-CUS-088,2023-10-06,True,B2B-V1-BASE,BLD-9102B6E8BF1ABFFC5F32,True
CUS-SYN-089,Cliente Sintético 089,enterprise,LOC-SYN-CUS-089,2023-01-16,True,B2B-V1-BASE,BLD-9102B6E8BF1ABFFC5F32,True
CUS-SYN-090,Cliente Sintético 090,enterprise,LOC-SYN-CUS-090,2025-05-03,True,B2B-V1-BASE,BLD-9102B6E8BF1ABFFC5F32,True
CUS-SYN-091,Cliente Sintético 091,mid_market,LOC-SYN-CUS-091,2023-01-13,True,B2B-V1-BASE,BLD-9102B6E8BF1ABFFC5F32,True
CUS-SYN-092,Cliente Sintético 092,mid_market,LOC-SYN-CUS-092,2023-09-10,True,B2B-V1-BASE,BLD-9102B6E8BF1ABFFC5F32,True
CUS-SYN-093,Cliente Sintético 093,enterprise,LOC-SYN-CUS-093,2023-07-22,True,B2B-V1-BASE,BLD-9102B6E8BF1ABFFC5F32,True
CUS-SYN-094,Cliente Sintético 094,enterprise,LOC-SYN-CUS-094,2023-06-21,True,B2B-V1-BASE,BLD-9102B6E8BF1ABFFC5F32,True
CUS-SYN-095,Cliente Sintético 095,mid_market,LOC-SYN-CUS-095,2025-02-03,True,B2B-V1-BASE,BLD-9102B6E8BF1ABFFC5F32,True
CUS-SYN-096,Cliente Sintético 096,mid_market,LOC-SYN-CUS-096,2024-12-23,True,B2B-V1-BASE,BLD-9102B6E8BF1ABFFC5F32,True
CUS-SYN-097,Cliente Sintético 097,enterprise,LOC-SYN-CUS-097,2024-07-01,True,B2B-V1-BASE,BLD-9102B6E8BF1ABFFC5F32,True
CUS-SYN-098,Cliente Sintético 098,enterprise,LOC-SYN-CUS-098,2022-12-14,True,B2B-V1-BASE,BLD-9102B6E8BF1ABFFC5F32,True
CUS-SYN-099,Cliente Sintético 099,mid_market,LOC-SYN-CUS-099,2023-04-28,True,B2B-V1-BASE,BLD-9102B6E8BF1ABFFC5F32,True
CUS-SYN-100,Cliente Sintético 100,mid_market,LOC-SYN-CUS-100,2024-03-25,True,B2B-V1-BASE,BLD-9102B6E8BF1ABFFC5F32,True
CUS-SYN-101,Cliente Sintético 101,enterprise,LOC-SYN-CUS-101,2023-11-14,True,B2B-V1-BASE,BLD-9102B6E8BF1ABFFC5F32,True
CUS-SYN-102,Cliente Sintético 102,enterprise,LOC-SYN-CUS-102,2023-11-07,True,B2B-V1-BASE,BLD-9102B6E8BF1ABFFC5F32,True
CUS-SYN-103,Cliente Sintético 103,mid_market,LOC-SYN-CUS-103,2024-04-15,True,B2B-V1-BASE,BLD-9102B6E8BF1ABFFC5F32,True
CUS-SYN-104,Cliente Sintético 104,mid_market,LOC-SYN-CUS-104,2024-03-16,True,B2B-V1-BASE,BLD-9102B6E8BF1ABFFC5F32,True
CUS-SYN-105,Cliente Sintético 105,enterprise,LOC-SYN-CUS-105,2024-12-11,True,B2B-V1-BASE,BLD-9102B6E8BF1ABFFC5F32,True
CUS-SYN-106,Cliente Sintético 106,enterprise,LOC-SYN-CUS-106,2023-11-24,True,B2B-V1-BASE,BLD-9102B6E8BF1ABFFC5F32,True
CUS-SYN-107,Cliente Sintético 107,mid_market,LOC-SYN-CUS-107,2024-10-09,True,B2B-V1-BASE,BLD-9102B6E8BF1ABFFC5F32,True
CUS-SYN-108,Cliente Sintético 108,mid_market,LOC-SYN-CUS-108,2023-03-09,True,B2B-V1-BASE,BLD-9102B6E8BF1ABFFC5F32,True
CUS-SYN-109,Cliente Sintético 109,enterprise,LOC-SYN-CUS-109,2022-12-23,True,B2B-V1-BASE,BLD-9102B6E8BF1ABFFC5F32,True
CUS-SYN-110,Cliente Sintético 110,enterprise,LOC-SYN-CUS-110,2024-09-24,True,B2B-V1-BASE,BLD-9102B6E8BF1ABFFC5F32,True
CUS-SYN-111,Cliente Sintético 111,mid_market,LOC-SYN-CUS-111,2023-05-17,True,B2B-V1-BASE,BLD-9102B6E8BF1ABFFC5F32,True
CUS-SYN-112,Cliente Sintético 112,mid_market,LOC-SYN-CUS-112,2024-03-21,True,B2B-V1-BASE,BLD-9102B6E8BF1ABFFC5F32,True
CUS-SYN-113,Cliente Sintético 113,enterprise,LOC-SYN-CUS-113,2024-04-30,True,B2B-V1-BASE,BLD-9102B6E8BF1ABFFC5F32,True
CUS-SYN-114,Cliente Sintético 114,enterprise,LOC-SYN-CUS-114,2024-02-27,True,B2B-V1-BASE,BLD-9102B6E8BF1ABFFC5F32,True
CUS-SYN-115,Cliente Sintético 115,mid_market,LOC-SYN-CUS-115,2024-05-07,True,B2B-V1-BASE,BLD-9102B6E8BF1ABFFC5F32,True
CUS-SYN-116,Cliente Sintético 116,mid_market,LOC-SYN-CUS-116,2025-04-21,True,B2B-V1-BASE,BLD-9102B6E8BF1ABFFC5F32,True
CUS-SYN-117,Cliente Sintético 117,enterprise,LOC-SYN-CUS-117,2023-06-21,True,B2B-V1-BASE,BLD-9102B6E8BF1ABFFC5F32,True
CUS-SYN-118,Cliente Sintético 118,enterprise,LOC-SYN-CUS-118,2023-09-05,True,B2B-V1-BASE,BLD-9102B6E8BF1ABFFC5F32,True
CUS-SYN-119,Cliente Sintético 119,mid_market,LOC-SYN-CUS-119,2024-01-30,True,B2B-V1-BASE,BLD-9102B6E8BF1ABFFC5F32,True
CUS-SYN-120,Cliente Sintético 120,mid_market,LOC-SYN-CUS-120,2023-04-27,True,B2B-V1-BASE,BLD-9102B6E8BF1ABFFC5F32,True
CUS-SYN-121,Cliente Sintético 121,enterprise,LOC-SYN-CUS-121,2024-06-24,True,B2B-V1-BASE,BLD-9102B6E8BF1ABFFC5F32,True
CUS-SYN-122,Cliente Sintético 122,enterprise,LOC-SYN-CUS-122,2023-08-28,True,B2B-V1-BASE,BLD-9102B6E8BF1ABFFC5F32,True
CUS-SYN-123,Cliente Sintético 123,mid_market,LOC-SYN-CUS-123,2025-04-27,True,B2B-V1-BASE,BLD-9102B6E8BF1ABFFC5F32,True
CUS-SYN-124,Cliente Sintético 124,mid_market,LOC-SYN-CUS-124,2025-04-24,True,B2B-V1-BASE,BLD-9102B6E8BF1ABFFC5F32,True
CUS-SYN-125,Cliente Sintético 125,enterprise,LOC-SYN-CUS-125,2023-09-16,True,B2B-V1-BASE,BLD-9102B6E8BF1ABFFC5F32,True
CUS-SYN-126,Cliente Sintético 126,enterprise,LOC-SYN-CUS-126,2024-12-11,True,B2B-V1-BASE,BLD-9102B6E8BF1ABFFC5F32,True
CUS-SYN-127,Cliente Sintético 127,mid_market,LOC-SYN-CUS-127,2024-09-05,True,B2B-V1-BASE,BLD-9102B6E8BF1ABFFC5F32,True
CUS-SYN-128,Cliente Sintético 128,mid_market,LOC-SYN-CUS-128,2025-02-22,True,B2B-V1-BASE,BLD-9102B6E8BF1ABFFC5F32,True
CUS-SYN-129,Cliente Sintético 129,enterprise,LOC-SYN-CUS-129,2023-10-02,True,B2B-V1-BASE,BLD-9102B6E8BF1ABFFC5F32,True
CUS-SYN-130,Cliente Sintético 130,enterprise,LOC-SYN-CUS-130,2024-03-21,True,B2B-V1-BASE,BLD-9102B6E8BF1ABFFC5F32,True
CUS-SYN-131,Cliente Sintético 131,mid_market,LOC-SYN-CUS-131,2023-06-11,True,B2B-V1-BASE,BLD-9102B6E8BF1ABFFC5F32,True
CUS-SYN-132,Cliente Sintético 132,mid_market,LOC-SYN-CUS-132,2023-08-14,True,B2B-V1-BASE,BLD-9102B6E8BF1ABFFC5F32,True
CUS-SYN-133,Cliente Sintético 133,enterprise,LOC-SYN-CUS-133,2023-02-13,True,B2B-V1-BASE,BLD-9102B6E8BF1ABFFC5F32,True
CUS-SYN-134,Cliente Sintético 134,enterprise,LOC-SYN-CUS-134,2022-12-19,True,B2B-V1-BASE,BLD-9102B6E8BF1ABFFC5F32,True
CUS-SYN-135,Cliente Sintético 135,mid_market,LOC-SYN-CUS-135,2023-05-02,True,B2B-V1-BASE,BLD-9102B6E8BF1ABFFC5F32,True
CUS-SYN-136,Cliente Sintético 136,mid_market,LOC-SYN-CUS-136,2024-08-22,True,B2B-V1-BASE,BLD-9102B6E8BF1ABFFC5F32,True
CUS-SYN-137,Cliente Sintético 137,enterprise,LOC-SYN-CUS-137,2024-07-07,True,B2B-V1-BASE,BLD-9102B6E8BF1ABFFC5F32,True
CUS-SYN-138,Cliente Sintético 138,enterprise,LOC-SYN-CUS-138,2023-08-17,True,B2B-V1-BASE,BLD-9102B6E8BF1ABFFC5F32,True
CUS-SYN-139,Cliente Sintético 139,mid_market,LOC-SYN-CUS-139,2023-10-12,True,B2B-V1-BASE,BLD-9102B6E8BF1ABFFC5F32,True
CUS-SYN-140,Cliente Sintético 140,mid_market,LOC-SYN-CUS-140,2023-10-30,True,B2B-V1-BASE,BLD-9102B6E8BF1ABFFC5F32,True
CUS-SYN-141,Cliente Sintético 141,enterprise,LOC-SYN-CUS-141,2025-02-26,True,B2B-V1-BASE,BLD-9102B6E8BF1ABFFC5F32,True
CUS-SYN-142,Cliente Sintético 142,enterprise,LOC-SYN-CUS-142,2023-03-03,True,B2B-V1-BASE,BLD-9102B6E8BF1ABFFC5F32,True
CUS-SYN-143,Cliente Sintético 143,mid_market,LOC-SYN-CUS-143,2024-06-21,True,B2B-V1-BASE,BLD-9102B6E8BF1ABFFC5F32,True
CUS-SYN-144,Cliente Sintético 144,mid_market,LOC-SYN-CUS-144,2025-05-04,True,B2B-V1-BASE,BLD-9102B6E8BF1ABFFC5F32,True
CUS-SYN-145,Cliente Sintético 145,enterprise,LOC-SYN-CUS-145,2024-12-12,True,B2B-V1-BASE,BLD-9102B6E8BF1ABFFC5F32,True
CUS-SYN-146,Cliente Sintético 146,enterprise,LOC-SYN-CUS-146,2024-07-02,True,B2B-V1-BASE,BLD-9102B6E8BF1ABFFC5F32,True
CUS-SYN-147,Cliente Sintético 147,mid_market,LOC-SYN-CUS-147,2024-05-18,True,B2B-V1-BASE,BLD-9102B6E8BF1ABFFC5F32,True
CUS-SYN-148,Cliente Sintético 148,mid_market,LOC-SYN-CUS-148,2023-11-05,True,B2B-V1-BASE,BLD-9102B6E8BF1ABFFC5F32,True
CUS-SYN-149,Cliente Sintético 149,enterprise,LOC-SYN-CUS-149,2023-04-21,True,B2B-V1-BASE,BLD-9102B6E8BF1ABFFC5F32,True
CUS-SYN-150,Cliente Sintético 150,enterprise,LOC-SYN-CUS-150,2024-10-30,True,B2B-V1-BASE,BLD-9102B6E8BF1ABFFC5F32,True
