sku_id,sku_name,product_family,unit,reference_list_unit_price,reference_variable_unit_cost,weight_kg,volume_m3,is_active,scenario_id,dataset_build_id,is_synthetic
SKU-SYN-001,Producto Sintético 001,Familia A,unidad,31300.00,15916.14,1.159,0.0253,True,B2B-V1-BASE,BLD-9102B6E8BF1ABFFC5F32,True
SKU-SYN-002,Producto Sintético 002,Familia B,unidad,38100.00,22934.82,2.982,0.0651,True,B2B-V1-BASE,BLD-9102B6E8BF1ABFFC5F32,True
SKU-SYN-003,Producto Sintético 003,Familia C,unidad,20600.00,11105.30,13.871,0.0231,True,B2B-V1-BASE,BLD-9102B6E8BF1ABFFC5F32,True
SKU-SYN-004,Producto Sintético 004,Familia D,unidad,95100.00,43060.35,7.934,0.0134,True,B2B-V1-BASE,BLD-9102B6E8BF1ABFFC5F32,True
SKU-SYN-005,Producto Sintético 005,Familia E,unidad,31900.00,21544.98,13.601,0.0079,True,B2B-V1-BASE,BLD-9102B6E8BF1ABFFC5F32,True
SKU-SYN-006,Producto Sintético 006,Familia A,unidad,55200.00,34167.00,6.287,0.0622,True,B2B-V1-BASE,BLD-9102B6E8BF1ABFFC5F32,True
SKU-SYN-007,Producto Sintético 007,Familia B,unidad,77100.00,52416.99,4.597,0.0224,True,B2B-V1-BASE,BLD-9102B6E8BF1ABFFC5F32,True
SKU-SYN-008,Producto Sintético 008,Familia C,unidad,35300.00,18926.55,10.863,0.0668,True,B2B-V1-BASE,BLD-9102B6E8BF1ABFFC5F32,True
SKU-SYN-009,Producto Sintético 009,Familia D,unidad,53500.00,27660.49,10.215,0.0367,True,B2B-V1-BASE,BLD-9102B6E8BF1ABFFC5F32,True
SKU-SYN-010,Producto Sintético 010,Familia E,unidad,84100.00,39915.98,11.787,0.0449,True,B2B-V1-BASE,BLD-9102B6E8BF1ABFFC5F32,True
SKU-SYN-011,Producto Sintético 011,Familia A,unidad,83400.00,53588.66,13.383,0.0329,True,B2B-V1-BASE,BLD-9102B6E8BF1ABFFC5F32,True
SKU-SYN-012,Producto Sintético 012,Familia B,unidad,31400.00,15091.77,11.892,0.0671,True,B2B-V1-BASE,BLD-9102B6E8BF1ABFFC5F32,True
SKU-SYN-013,Producto Sintético 013,Familia C,unidad,82200.00,37316.45,5.254,0.0622,True,B2B-V1-BASE,BLD-9102B6E8BF1ABFFC5F32,True
SKU-SYN-014,Producto Sintético 014,Familia D,unidad,96600.00,48291.41,11.497,0.0508,True,B2B-V1-BASE,BLD-9102B6E8BF1ABFFC5F32,True
SKU-SYN-015,Producto Sintético 015,Familia E,unidad,97700.00,62010.50,1.149,0.0615,True,B2B-V1-BASE,BLD-9102B6E8BF1ABFFC5F32,True
SKU-SYN-016,Producto Sintético 016,Familia A,unidad,13000.00,9071.02,7.54,0.0685,True,B2B-V1-BASE,BLD-9102B6E8BF1ABFFC5F32,True
SKU-SYN-017,Producto Sintético 017,Familia B,unidad,72500.00,45642.60,3.732,0.0482,True,B2B-V1-BASE,BLD-9102B6E8BF1ABFFC5F32,True
SKU-SYN-018,Producto Sintético 018,Familia C,unidad,40200.00,23753.52,9.923,0.0413,True,B2B-V1-BASE,BLD-9102B6E8BF1ABFFC5F32,True
SKU-SYN-019,Producto Sintético 019,Familia D,unidad,89600.00,64413.24,4.672,0.0743,True,B2B-V1-BASE,BLD-9102B6E8BF1ABFFC5F32,True
SKU-SYN-020,Producto Sintético 020,Familia E,unidad,59100.00,31758.54,12.0,0.0386,True,B2B-V1-BASE,BLD-9102B6E8BF1ABFFC5F32,True
SKU-SYN-021,Producto Sintético 021,Familia A,unidad,50000.00,33357.47,2.078,0.0143,True,B2B-V1-BASE,BLD-9102B6E8BF1ABFFC5F32,True
SKU-SYN-022,Producto Sintético 022,Familia B,unidad,46800.00,32425.97,10.548,0.053,True,B2B-V1-BASE,BLD-9102B6E8BF1ABFFC5F32,True
SKU-SYN-023,Producto Sintético 023,Familia C,unidad,34100.00,15854.55,0.533,0.0271,True,B2B-V1-BASE,BLD-9102B6E8BF1ABFFC5F32,True
SKU-SYN-024,Producto Sintético 024,Familia D,unidad,21400.00,10528.43,1.46,0.0323,True,B2B-V1-BASE,BLD-9102B6E8BF1ABFFC5F32,True
SKU-SYN-025,Producto Sintético 025,Familia E,unidad,60200.00,31211.71,11.153,0.0521,True,B2B-V1-BASE,BLD-9102B6E8BF1ABFFC5F32,True
SKU-SYN-026,Producto Sintético 026,Familia A,unidad,30300.00,16750.84,12.478,0.0141,True,B2B-V1-BASE,BLD-9102B6E8BF1ABFFC5F32,True
SKU-SYN-027,Producto Sintético 027,Familia B,unidad,50100.00,31033.30,4.28,0.0343,True,B2B-V1-BASE,BLD-9102B6E8BF1ABFFC5F32,True
SKU-SYN-028,Producto Sintético 028,Familia C,unidad,20600.00,14596.58,7.991,0.0458,True,B2B-V1-BASE,BLD-9102B6E8BF1ABFFC5F32,True
SKU-SYN-029,Producto Sintético 029,Familia D,unidad,58600.00,34979.25,0.86,0.0482,True,B2B-V1-BASE,BLD-9102B6E8BF1ABFFC5F32,True
SKU-SYN-030,Producto Sintético 030,Familia E,unidad,27100.00,12507.92,4.758,0.0662,True,B2B-V1-BASE,BLD-9102B6E8BF1ABFFC5F32,True
